,DN,DS,file_name
0,0.3022,0.7936,results_NU_cds_C17orf50-201_NT_NT.fasta.out
1,0.0118,0.1509,results_NU_cds_CKMT1B-201_NT_NT.fasta.out
2,0.0597,0.3298,results_NU_cds_C2orf69-201_NT_NT.fasta.out
3,0.0993,0.4196,results_NU_cds_ARMC10-202_NT_NT.fasta.out
4,0.024,0.5967,results_NU_cds_AP3M2-201_NT_NT.fasta.out
5,0.0529,0.5489,results_NU_cds_BNIP1-201_NT_NT.fasta.out
6,0.0544,1.4314,results_NU_cds_CCND1-201_NT_NT.fasta.out
7,0.0338,1.8211,results_NU_cds_APC2-201_NT_NT.fasta.out
8,0.0761,0.1998,results_NU_cds_BTF3-202_NT_NT.fasta.out
9,0.1204,0.5531,results_NU_cds_CCDC152-201_NT_NT.fasta.out
